<?xml version="1.0"?>
<ruleset name="WooCommerce Coding Standards">
    <description>My projects ruleset.</description>

    <!-- Configs -->
    <config name="minimum_supported_wp_version" value="4.7" />
    <config name="testVersion" value="7.2-" />

    <!-- Check all PHP files in directory tree by default. -->
    <arg name="extensions" value="php"/>
    <file>.</file>

    <!-- Show colors -->
    <arg name="colors"/>

    <!-- Rules -->
    <rule ref="WooCommerce-Core" />

    <rule ref="WordPress.WP.I18n">
        <properties>
            <property name="text_domain" type="array" value="new-text-domain" />
        </properties>
    </rule>

    <rule ref="PHPCompatibility">
        <exclude-pattern>tests/</exclude-pattern>
    </rule>
</ruleset>